fname,label,Acoustic_guitar,Bass_drum,Cello,Clarinet,Double_bass,Flute,Hi-hat,Saxophone,Snare_drum,Violin_or_fiddle,y_pred
5388d14d.wav,Saxophone,0.005391108337789774,0.02205943875014782,0.05521649122238159,0.07361903786659241,0.011849063448607922,0.2155391126871109,0.005138617940247059,0.5233557820320129,0.0057950871996581554,0.08203630149364471,Saxophone
c685f05f.wav,Saxophone,0.0323035754263401,0.0030188022647053003,0.081095390021801,0.07910947501659393,0.011131113395094872,0.10302802920341492,0.03076196275651455,0.46111011505126953,0.0065930988639593124,0.191848486661911,Saxophone
36d20ab5.wav,Saxophone,0.004604604560881853,0.00033370041637681425,0.004536948632448912,0.004014508333057165,4.266967880539596e-05,0.1977834701538086,0.02192825824022293,0.7152115702629089,0.02686302550137043,0.024681231006979942,Saxophone
d6665734.wav,Saxophone,0.061137571930885315,9.090612002182752e-05,0.026531510055065155,0.008258072659373283,0.0006886770715937018,0.43254366517066956,9.386372403241694e-05,0.4120199680328369,0.004686577245593071,0.05394912138581276,Flute
7352e28f.wav,Saxophone,1.4108719369687606e-05,1.3166679931671949e-14,1.2048437838529935e-06,7.363949407590553e-05,2.514457045355023e-11,0.6422367691993713,9.206331647005316e-15,0.3575100004673004,1.2525835403620622e-11,0.0001643670111661777,Flute
8fa096bf.wav,Saxophone,0.1345803141593933,0.0012167192762717605,0.0510440357029438,0.023918481543660164,0.01939910463988781,0.03622911870479584,0.02843303419649601,0.6828387379646301,0.007222225423902273,0.015118236653506756,Saxophone
2f9c5f62.wav,Saxophone,0.0005318783805705607,1.8660490930244578e-09,1.0538549304328626e-06,0.6158769130706787,0.0007602052064612508,7.839624231564812e-06,6.345101724036795e-07,0.3584287166595459,1.7186246168421349e-06,0.02439102716743946,Clarinet
9cd05a2b.wav,Saxophone,0.017047112807631493,3.480720579318586e-06,9.008252163766883e-06,0.00011718930909410119,1.2188276059532654e-06,0.03430200740695,2.62668640971242e-06,0.941997230052948,0.006408121436834335,0.00011197711864951998,Saxophone
ab465bf9.wav,Saxophone,0.00021459217532537878,4.748370141527403e-09,1.9087730834144168e-05,0.07302938401699066,1.1006648037437117e-08,0.9257826209068298,1.8168266890938867e-10,0.0009289230802096426,1.4925808500265703e-06,2.379459147050511e-05,Flute
c40632d7.wav,Saxophone,0.03146321699023247,0.009047971107065678,0.05170557647943497,0.08396387845277786,0.007691651117056608,0.12606383860111237,0.0015304622938856483,0.5645584464073181,0.02077917382121086,0.10319570451974869,Saxophone
3a80061f.wav,Saxophone,0.10474570095539093,0.00010997268691426143,0.028489993885159492,0.17198140919208527,0.0006229982827790082,0.1993633657693863,7.294437091331929e-05,0.3025330603122711,0.0008687296067364514,0.1912117898464203,Saxophone
dba6817d.wav,Saxophone,0.0004622259584721178,2.424208287266083e-05,0.018571928143501282,0.00024037031107582152,2.0069152014912106e-05,0.6419824361801147,0.0011646231869235635,0.22853486239910126,0.07386921346187592,0.03512999415397644,Flute
25f26095.wav,Saxophone,0.030381014570593834,0.020555749535560608,0.05047304555773735,0.005118997301906347,0.011292075738310814,0.13699984550476074,0.004001354333013296,0.6749308705329895,0.041489824652671814,0.02475719153881073,Saxophone
37cebbd4.wav,Saxophone,0.023884661495685577,9.754560892361042e-08,0.000352930452208966,0.00039029205800034106,7.236522378661903e-06,0.06051597371697426,1.0169892705746975e-09,0.9142718315124512,2.1651525457855314e-05,0.0005552708171308041,Saxophone
f8d96888.wav,Saxophone,0.1570635288953781,7.250567432492971e-05,0.033326420933008194,0.18714195489883423,0.0025097753386944532,0.17760810256004333,0.0007533376337960362,0.3664458394050598,0.01398892980068922,0.061089590191841125,Saxophone
d94c94f0.wav,Saxophone,0.003304406302049756,0.00012970542593393475,0.031637389212846756,0.06738568842411041,0.000870866933837533,0.050526976585388184,0.006291207391768694,0.801213800907135,0.016995547339320183,0.021644501015543938,Saxophone
ec6afeb6.wav,Saxophone,0.008222867734730244,1.759987071636715e-07,1.2311631508055143e-05,3.4481763577787206e-06,3.710506280185655e-05,0.08791068196296692,1.0035804409724847e-09,0.9036257266998291,1.2419284757925197e-05,0.00017540586122777313,Saxophone
5f0dc8e4.wav,Saxophone,0.0036674714647233486,2.9314794147694556e-08,9.499009138380643e-06,0.24622412025928497,4.5796587073709816e-05,0.0010574822081252933,8.803272066870704e-07,0.7232562303543091,0.0004562821122817695,0.025282228365540504,Saxophone
b8c0a88a.wav,Saxophone,0.004370495211333036,1.1106247654879553e-07,0.0020005677361041307,0.44904273748397827,1.1275623364781495e-05,0.23252739012241364,9.716903150547296e-05,0.3112538754940033,0.0006256169290281832,7.075181201798841e-05,Clarinet
96dad435.wav,Saxophone,0.6931706070899963,2.9551101121683132e-08,7.0104024416650645e-06,0.05902840942144394,1.2669408533838578e-05,0.010413868352770805,8.827179438786192e-12,0.23683440685272217,0.00040690565947443247,0.00012604024959728122,Acoustic_guitar
b120dc90.wav,Saxophone,0.0017144947778433561,8.683479245519266e-05,0.009830595925450325,0.014390483498573303,0.0005174407851882279,0.017791664227843285,0.0006702546961605549,0.9193165898323059,0.029026834294199944,0.006654851604253054,Saxophone
c1948f24.wav,Saxophone,0.0030105982441455126,4.2362313656951756e-09,0.0011950418120250106,0.19560560584068298,2.0204165593895596e-06,0.658491313457489,1.3840245571827836e-07,0.1412001997232437,1.6089654053530467e-08,0.0004951208247803152,Flute
ac097834.wav,Saxophone,0.008119822479784489,0.0002349972492083907,0.02038966305553913,0.5389556884765625,0.0002958673576358706,0.24500882625579834,0.00044007832184433937,0.15689492225646973,0.012098647654056549,0.017561450600624084,Clarinet
4345851e.wav,Saxophone,0.06550879031419754,0.00013774157559964806,0.022998759523034096,0.05305703356862068,0.0003855799150187522,0.15783311426639557,2.8906088118674234e-05,0.5390363335609436,0.002629866125062108,0.15838387608528137,Saxophone
5d4f8187.wav,Saxophone,0.002024492947384715,0.0005619327421300113,0.01001189835369587,0.02478851191699505,0.0030991267412900925,0.08968453854322433,0.0017901088576763868,0.8462525606155396,0.00451909052208066,0.01726771891117096,Saxophone
b83049f4.wav,Saxophone,0.03194550797343254,0.00022788718342781067,0.03110765665769577,0.028474045917391777,0.0015870070783421397,0.03510952740907669,0.0027780381496995687,0.8301822543144226,0.0073229060508310795,0.031265076249837875,Saxophone
c1c3c8b9.wav,Saxophone,0.28855690360069275,1.5359784811153077e-05,0.004282196052372456,9.072595275938511e-05,0.004316842183470726,0.014987685717642307,1.387010979669867e-05,0.658141553401947,0.0002767787373159081,0.02931784652173519,Saxophone
78a86075.wav,Saxophone,0.09957228600978851,0.00019148236606270075,0.03872866928577423,0.016896648332476616,0.001010411069728434,0.4093891978263855,0.0001424427464371547,0.36823248863220215,0.0055542695336043835,0.060282208025455475,Flute
f0d315bc.wav,Saxophone,0.014602258801460266,6.501117240986787e-06,0.015402603894472122,0.019061030820012093,0.002570770215243101,0.10050372779369354,0.00010689641931094229,0.8146659731864929,0.0019776723347604275,0.03110254555940628,Saxophone
9c0838c1.wav,Saxophone,0.09023205935955048,4.02808072976768e-05,0.00634519150480628,0.008874381892383099,4.8571575462119654e-05,0.4443807005882263,0.00028963066870346665,0.4032156765460968,0.020974691957235336,0.025598788633942604,Flute
d6144e01.wav,Violin_or_fiddle,0.0005862128455191851,7.688256253857162e-09,2.1572432160610333e-06,0.02799610234797001,2.549265047946392e-07,5.5168598919408396e-05,2.596102604002226e-07,0.01858375035226345,1.3382183169596829e-05,0.9527627229690552,Violin_or_fiddle
cfb9c5fd.wav,Violin_or_fiddle,0.3615211844444275,0.019169790670275688,0.09240930527448654,0.188588947057724,0.01593131199479103,0.07680487632751465,0.0003260089724790305,0.010417316108942032,0.13380166888237,0.10102959722280502,Acoustic_guitar
c6865306.wav,Violin_or_fiddle,0.07734304666519165,0.00017900085367728025,0.01870770938694477,0.06829530000686646,0.0009385592420585454,0.06082673370838165,0.0007589213200844824,0.027457835152745247,0.021876592189073563,0.7236164212226868,Violin_or_fiddle
642aba58.wav,Violin_or_fiddle,0.40711408853530884,0.0002641996543388814,0.023902935907244682,0.017089061439037323,0.0015360502293333411,0.016274983063340187,1.550019260321278e-05,0.21569083631038666,0.006874012295156717,0.3112383186817169,Acoustic_guitar
848faca3.wav,Violin_or_fiddle,0.002690256107598543,0.013544646091759205,0.14006422460079193,0.06411783397197723,0.018427763134241104,0.04812454432249069,0.00031645759008824825,0.009094931185245514,0.015247502364218235,0.6883718967437744,Violin_or_fiddle
7eb9dac0.wav,Violin_or_fiddle,0.008497959934175014,0.0030747975688427687,0.028926601633429527,0.018986158072948456,0.002014696830883622,0.005878940224647522,0.02194295823574066,0.025470763444900513,0.042233191430568695,0.8429738283157349,Violin_or_fiddle
8d7d7dba.wav,Violin_or_fiddle,0.0038771657273173332,0.0050208307802677155,0.02761826664209366,0.01597602106630802,0.002995022339746356,0.015722548589110374,0.00015244336100295186,0.005405121948570013,0.003742733970284462,0.9194899201393127,Violin_or_fiddle
2424ad60.wav,Violin_or_fiddle,0.014527315273880959,0.012233356013894081,0.021415891125798225,0.01567932404577732,0.006165120285004377,0.029590267688035965,0.00013075239257887006,0.020485898479819298,0.008763737045228481,0.8710083365440369,Violin_or_fiddle
ba648ac1.wav,Violin_or_fiddle,0.05701037868857384,0.01149764284491539,0.2255210280418396,0.02392435632646084,0.01895235665142536,0.0246579572558403,0.00027508725179359317,0.029414933174848557,0.07066474109888077,0.5380815863609314,Violin_or_fiddle
2e4a9850.wav,Violin_or_fiddle,0.003527255728840828,2.4554035917390138e-05,0.013489436358213425,0.003778573125600815,0.0004391979891806841,0.021717306226491928,0.00013385039346758276,0.015583120286464691,5.225849963608198e-05,0.9412544369697571,Violin_or_fiddle
2cc8683d.wav,Violin_or_fiddle,0.007763762027025223,0.007335408125072718,0.03342233970761299,0.0025282760616391897,0.005519360303878784,0.010130131617188454,0.011162275448441505,0.004871038254350424,0.015281126834452152,0.9019861817359924,Violin_or_fiddle
7b6a119e.wav,Violin_or_fiddle,0.001786398352123797,1.0089179625083489e-07,0.0006120713660493493,0.17917798459529877,1.8788844045047881e-06,0.03640555590391159,1.2094687008357141e-05,0.002079910598695278,8.074711513472721e-05,0.7798433303833008,Violin_or_fiddle
68589f79.wav,Violin_or_fiddle,0.032137345522642136,0.044950541108846664,0.02298264391720295,0.014826434664428234,0.014745841734111309,0.001668356591835618,4.465673555387184e-05,0.015500461682677269,0.005174452438950539,0.8479692935943604,Violin_or_fiddle
fec00143.wav,Violin_or_fiddle,0.007565587293356657,0.00020425098773557693,0.006567125208675861,0.315094530582428,0.0002796400513034314,0.07795754820108414,6.834782107034698e-05,0.002438961062580347,0.003044842043891549,0.5867791175842285,Violin_or_fiddle
1b24c166.wav,Violin_or_fiddle,0.014446983113884926,0.08747133612632751,0.07955270260572433,0.03334054350852966,0.03901003673672676,0.04121108725667,0.02582724206149578,0.0061336481012403965,0.034029342234134674,0.6389771103858948,Violin_or_fiddle
6eb59008.wav,Violin_or_fiddle,0.0009041064768098295,0.0003056082350667566,0.009428705088794231,0.33685874938964844,0.0003055880661122501,0.009450954385101795,0.1141359880566597,0.0015944672049954534,0.008906506933271885,0.5181093215942383,Violin_or_fiddle
0e7cd4eb.wav,Violin_or_fiddle,0.03087771311402321,0.00018324650591239333,0.05520114675164223,0.030824245885014534,0.018234964460134506,0.008755534887313843,9.982118353946134e-05,0.009321124292910099,0.0014496913645416498,0.8450523614883423,Violin_or_fiddle
56e79c6f.wav,Violin_or_fiddle,0.045362766832113266,3.4202588722109795e-05,0.002479308284819126,0.12411675602197647,0.0006672286544926465,0.03891756758093834,0.029240857809782028,0.009747536852955818,0.004458751995116472,0.7449751496315002,Violin_or_fiddle
cdc5fe8e.wav,Violin_or_fiddle,0.1371152400970459,0.0038214896339923143,0.044329579919576645,0.0012700756778940558,0.0071161664091050625,0.07241709530353546,0.013165277428925037,0.2563067078590393,0.12437396496534348,0.3400844633579254,Violin_or_fiddle
b38409bb.wav,Violin_or_fiddle,0.00012571581464726478,3.0614621948643617e-08,2.1748548533651046e-05,0.03718746080994606,1.5715188055764884e-05,7.144284609239548e-05,2.7506102924235165e-05,0.004269018303602934,3.416472827666439e-05,0.9582472443580627,Violin_or_fiddle
c8c117dc.wav,Violin_or_fiddle,0.12433503568172455,0.0037730811163783073,0.24006038904190063,0.012816222384572029,0.02904428169131279,0.035069845616817474,0.0025201214011758566,0.014041045680642128,0.10695888102054596,0.43138110637664795,Violin_or_fiddle
b73c3595.wav,Violin_or_fiddle,0.00043423380702733994,0.0009450255893170834,0.017720161005854607,0.00549386627972126,0.00018893691594712436,0.006959474179893732,0.00043654031469486654,0.0056624202989041805,0.016729658469557762,0.9454296827316284,Violin_or_fiddle
d84c8c43.wav,Violin_or_fiddle,0.0019899948965758085,0.023967737331986427,0.029697133228182793,0.01514484640210867,0.011498523876070976,0.006390839349478483,8.674443233758211e-05,0.002401654841378331,0.002646107692271471,0.9061764478683472,Violin_or_fiddle
d914225a.wav,Violin_or_fiddle,0.20279696583747864,0.003092486411333084,0.10952923446893692,0.006704351399093866,0.05849328637123108,0.01464124582707882,0.010029787197709084,0.010099880397319794,0.02997031807899475,0.5546424984931946,Violin_or_fiddle
1148986e.wav,Violin_or_fiddle,0.4013114869594574,0.0007070523570291698,0.03300652280449867,0.0016748459311202168,0.0023473957553505898,0.10088376700878143,0.000152728141983971,0.007634560577571392,0.011958674527704716,0.4403229057788849,Violin_or_fiddle
e3f479f3.wav,Violin_or_fiddle,0.025627411901950836,0.00035742984618991613,0.006834385450929403,0.07668868452310562,0.0007693453808315098,0.04428829252719879,0.008625992573797703,0.04373282939195633,0.0012049537617713213,0.7918705940246582,Violin_or_fiddle
aab28420.wav,Violin_or_fiddle,0.00047902902588248253,0.045301634818315506,0.014333397150039673,0.008012508973479271,0.013554832898080349,0.0006382352439686656,4.273565355106257e-05,0.0004632114723790437,0.00027198082534596324,0.916902482509613,Violin_or_fiddle
21346775.wav,Violin_or_fiddle,0.09909362345933914,0.048011913895606995,0.25273165106773376,0.016383104026317596,0.03349146991968155,0.11920482665300369,0.00024907689657993615,0.04083803668618202,0.05502388998866081,0.33497244119644165,Violin_or_fiddle
cdeece57.wav,Violin_or_fiddle,0.23028965294361115,0.0015541149768978357,0.027319440618157387,0.10800972580909729,0.004614288453012705,0.04675121232867241,0.0011911619221791625,0.011661790311336517,0.009482177905738354,0.5591264963150024,Violin_or_fiddle
c9fb642d.wav,Violin_or_fiddle,0.08581181615591049,0.008455169387161732,0.17063818871974945,0.02670074999332428,0.009848235175013542,0.05396221578121185,0.001005621743388474,0.11052709072828293,0.08203495293855667,0.45101597905158997,Violin_or_fiddle
078f7ac0.wav,Hi-hat,7.49411214237116e-15,6.036076083404396e-10,3.761293214665784e-07,1.8821380365352525e-07,7.494246542782967e-12,5.632872444039094e-07,0.9992250204086304,1.0591288202022042e-07,0.0007719362620264292,1.732530790832243e-06,Hi-hat
e897db78.wav,Hi-hat,8.6638675054014495e-19,1.7382486509204265e-12,4.95884622253584e-09,2.677305488418824e-08,3.647770680756694e-15,7.021738213097706e-08,0.9999596476554871,7.022288173175184e-08,4.013349098386243e-05,1.457629252854531e-07,Hi-hat
b31ed1fb.wav,Hi-hat,3.795617203650181e-06,2.6475592676433735e-05,0.0011824414832517505,0.002592758508399129,5.91724383411929e-05,0.0017856894992291927,0.7887836694717407,0.001333128078840673,0.030673686414957047,0.17355921864509583,Hi-hat
06c48eab.wav,Hi-hat,0.005546733736991882,0.0003081273171119392,0.030442437157034874,0.030462658032774925,0.0005810997099615633,0.015762055292725563,0.8183292150497437,0.0027145803906023502,0.00422291224822402,0.09163009375333786,Hi-hat
2503aaa1.wav,Hi-hat,3.790398984265808e-13,8.251427874306216e-10,8.434857363681658e-07,1.9412862002354814e-06,5.735025301878416e-11,3.069034391955938e-06,0.9999052882194519,3.681473117467249e-07,8.379096834687516e-05,4.735507445730036e-06,Hi-hat
3d3439f1.wav,Hi-hat,2.4180108924564378e-17,4.5939002601969037e-11,4.211467086179255e-08,2.1607043265703396e-07,1.278004937120547e-13,1.5656488017157244e-07,0.9996697306632996,3.213570494153828e-07,0.0003289828891865909,5.355496455194952e-07,Hi-hat
34a90030.wav,Hi-hat,5.943828714230438e-17,9.826009797486712e-12,2.0263255962049698e-08,9.53410008719402e-08,1.1618779397794265e-13,3.178409713200381e-07,0.9999381899833679,8.343214119577169e-08,6.103682972025126e-05,3.405727397876035e-07,Hi-hat
da4b0379.wav,Hi-hat,4.843811841049655e-17,5.90414453438548e-11,5.2288299912106595e-08,1.8641712529188226e-07,1.5616343938471e-13,1.2991370113013545e-07,0.9995282888412476,3.023184262929135e-07,0.00047079534851945937,3.8325356399582233e-07,Hi-hat
a090c45a.wav,Hi-hat,1.3580139478891591e-18,7.876749599788901e-12,9.154094371410793e-09,4.99432850631365e-08,1.9860639012287545e-14,3.4167342732871475e-08,0.9999043345451355,2.0621426699563017e-07,9.51742913457565e-05,1.9202813916763262e-07,Hi-hat
41897c32.wav,Hi-hat,2.8060709138244544e-12,2.026650314235212e-08,6.054232244423474e-07,6.76395939080976e-05,1.6857386597735058e-08,1.1869780536244434e-07,0.9996535778045654,2.8923557238158537e-06,1.157462702394696e-05,0.0002635396958794445,Hi-hat
2032be87.wav,Hi-hat,1.5669330253893082e-14,2.633356033232559e-10,2.0693751423550566e-07,6.160538532640203e-07,3.664251541080077e-11,1.1012905360985314e-06,0.9998897910118103,1.90595997651144e-07,0.00010333703539799899,4.600638021656778e-06,Hi-hat
73677128.wav,Hi-hat,1.1272494033045047e-14,2.70777594790772e-10,2.180845086741101e-07,9.203236004395876e-07,2.9671643614337384e-11,4.0272007595376635e-07,0.9998157024383545,1.6827310389544436e-07,0.00017955554358195513,2.9662055567314383e-06,Hi-hat
c53a217e.wav,Hi-hat,3.1413340353426966e-13,9.419868218785155e-10,1.4391383729162044e-07,1.0037551874120254e-05,1.8291382852808624e-09,7.976967708600569e-07,0.9999228715896606,7.038354397082003e-07,1.0735125215433072e-05,5.471903568832204e-05,Hi-hat
f0dfe343.wav,Hi-hat,8.1701038823212e-08,1.9783824711794296e-07,0.0001490873983129859,0.0006181111675687134,1.55818128177998e-07,0.0028435825370252132,0.9960817694664001,7.476859900634736e-05,0.00013186711294110864,0.00010049136471934617,Hi-hat
0ed06544.wav,Hi-hat,4.368654757066527e-14,5.424555249433638e-10,1.4602969145016687e-07,3.0785324725002283e-06,7.778106492217773e-10,1.4437204072237364e-06,0.9999596476554871,2.641211267473409e-07,1.5649016859242693e-05,1.984638765861746e-05,Hi-hat
99c96a07.wav,Hi-hat,5.800436221831476e-14,7.699681781048184e-09,2.775264874799177e-06,4.0510090002499055e-06,4.7059477842337216e-11,1.1237548278586473e-05,0.9847133159637451,3.5061555081483675e-06,0.01524468045681715,2.0394427338032983e-05,Hi-hat
3a3d0279.wav,Hi-hat,2.4052332747156535e-15,4.770324690817063e-10,2.7075688535660447e-07,8.271518368019315e-07,2.4494937328478628e-12,7.395956913569535e-07,0.9992048144340515,1.02477599739359e-06,0.0007913614972494543,1.0065763262900873e-06,Hi-hat
612702c3.wav,Hi-hat,1.5737907504975723e-11,5.218002918638831e-09,4.5491383389162365e-06,0.02279091067612171,1.7674212093865549e-09,1.3688956641999539e-05,0.976942777633667,3.3164917567773955e-06,5.6173674238380045e-05,0.00018846085004042834,Hi-hat
d6854eb4.wav,Hi-hat,0.0025966460816562176,0.0023136897943913937,0.02084113471210003,0.002612817334011197,0.002321426058188081,0.0028208489529788494,0.9380136132240295,0.011064463295042515,0.0129670649766922,0.004448272287845612,Hi-hat
52300f9b.wav,Hi-hat,4.1244924278227915e-14,2.5610575882240028e-09,9.624718444456448e-08,6.744488473486854e-06,4.856490765092758e-09,1.0465397792813746e-07,0.9998384118080139,7.890016462397398e-08,4.0127732063410804e-05,0.00011449096928117797,Hi-hat
09a1cfd7.wav,Hi-hat,2.4800404717600748e-15,9.542840961884735e-10,3.792536347191344e-07,5.460257170852856e-07,5.413895460409934e-12,2.8053992195964383e-07,0.9990155100822449,4.4697972612084413e-07,0.0009819153929129243,9.52667676301644e-07,Hi-hat
3aafb6ad.wav,Hi-hat,1.3655656161404295e-08,4.648030085263599e-07,6.658839265583083e-05,0.0030217566527426243,1.4034667401574552e-06,9.136322660197038e-06,0.9684345126152039,1.3648036656377371e-05,0.002943581435829401,0.025508813560009003,Hi-hat
493c247b.wav,Hi-hat,7.010859940688322e-15,2.8589319800431667e-10,1.8395655843050918e-07,1.743283064570278e-06,3.797763145629851e-11,8.9965772076539e-07,0.999729573726654,5.201530370868568e-07,0.0002636061981320381,3.349021653775708e-06,Hi-hat
5ec7ad26.wav,Hi-hat,2.300454663865586e-15,2.6897722937846424e-10,1.3776418938959978e-07,6.964937142583949e-07,1.8116012162616713e-12,3.7234826777421404e-07,0.9996712803840637,3.990734569470078e-07,0.000326813489664346,3.800861634317698e-07,Hi-hat
a1b369d7.wav,Hi-hat,3.758994577060656e-15,2.2468631122318783e-10,3.7064694424771005e-08,2.1350242604967207e-06,3.179285307242097e-11,1.0651675808048822e-07,0.9999817609786987,4.1270112660640734e-07,1.2415684068400878e-05,2.966594365716446e-06,Hi-hat
8cd809d3.wav,Hi-hat,4.312925011618063e-05,7.860518053348642e-06,0.0006129523389972746,0.01639334112405777,3.48384946846636e-06,0.00044390387483872473,0.6922412514686584,0.0021474389359354973,0.02057124860584736,0.26753535866737366,Hi-hat
aed9d22f.wav,Hi-hat,2.2069441323128427e-15,1.0546462314575678e-10,1.2888133937849489e-07,6.443914912779292e-08,1.6166383553020691e-12,9.72100110629981e-07,0.9997177124023438,6.545037223304462e-08,0.0002801170921884477,1.0091816875501536e-06,Hi-hat
a7964699.wav,Hi-hat,6.892504345046291e-10,2.5715954166116717e-07,1.3488646800396964e-05,0.00019931489077862352,5.695931122318143e-07,1.626172320357e-06,0.9972348809242249,2.774550239337259e-06,0.0006316778599284589,0.0019154626643285155,Hi-hat
da3f8050.wav,Hi-hat,2.8845420496637075e-10,2.5728176922257262e-08,1.2172045899205841e-05,0.02148580364882946,8.008512253354638e-08,4.805309436051175e-05,0.9745924472808838,0.000175757086253725,0.00013016464072279632,0.0035556096117943525,Hi-hat
468f9c4c.wav,Hi-hat,2.5506553356535733e-05,0.003371369792148471,0.02771998569369316,0.0013752405066043139,0.00039301489596255124,0.014980155974626541,0.8242284059524536,0.009818402118980885,0.008099338971078396,0.10998855531215668,Hi-hat
229be2be.wav,Snare_drum,7.838202087384616e-09,1.430297561455518e-05,0.0014128237962722778,0.00013905807281844318,2.94533862188473e-07,7.847104279790074e-05,0.7076371908187866,3.556137016857974e-05,0.29036328196525574,0.00031900068279355764,Hi-hat
b6cbc6a9.wav,Snare_drum,1.6412639070040314e-07,2.5754416128620505e-05,0.0003590080887079239,0.00015557219740003347,6.931929164011308e-08,0.00024322490207850933,0.7267988920211792,0.00034019179292954504,0.2716478705406189,0.0004291959630791098,Hi-hat
ae7d1c37.wav,Snare_drum,0.046097464859485626,0.00019137629715260118,0.044618479907512665,0.025407548993825912,0.00529186986386776,0.00404359633103013,2.7371341275284067e-05,0.1297919750213623,0.1087467297911644,0.6357836127281189,Violin_or_fiddle
82d4fb44.wav,Snare_drum,0.03792542219161987,0.0003140057378914207,0.02783413603901863,0.0020265046041458845,0.00043193402234464884,0.010594948194921017,0.02896500565111637,0.09411142766475677,0.15711504220962524,0.6406816244125366,Violin_or_fiddle
4c590f69.wav,Snare_drum,0.006515407469123602,0.0013707210309803486,0.03267791494727135,0.010351250879466534,0.000674051174428314,0.027740079909563065,0.02397758699953556,0.018081899732351303,0.5644240379333496,0.31418704986572266,Snare_drum
1c9a423f.wav,Snare_drum,0.03873945772647858,3.531120000843657e-07,8.506362792104483e-05,0.18098899722099304,2.4207261972719607e-08,0.1720767617225647,0.0005227249930612743,0.023907341063022614,0.5834349989891052,0.00024426489835605025,Snare_drum
f0727eac.wav,Snare_drum,9.110861719818786e-05,3.677239510579966e-05,0.00023815610620658845,9.812051757762674e-06,1.0085877732990411e-07,2.3518485249951482e-05,0.5966699719429016,0.0006887486088089645,0.40221115946769714,3.06839938275516e-05,Hi-hat
31db8c5e.wav,Snare_drum,0.09296739846467972,0.00245651975274086,0.3436439037322998,0.10261058807373047,0.03449177369475365,0.03264271467924118,0.0015716924099251628,0.13002033531665802,0.13697955012321472,0.12261553853750229,Cello
b86b5a96.wav,Snare_drum,0.02662225067615509,0.0009738975204527378,0.008326795883476734,0.006109895650297403,0.00016702718858141452,0.0027935225516557693,0.0648912563920021,0.012202068231999874,0.8766857981681824,0.0012274683685973287,Snare_drum
6fca680b.wav,Snare_drum,0.06916390359401703,0.0009359278483316302,0.03828909248113632,0.057727742940187454,0.005150842946022749,0.006061835214495659,0.00017545851005706936,0.1072782427072525,0.30432814359664917,0.41088882088661194,Violin_or_fiddle
1bc8eae1.wav,Snare_drum,0.20525623857975006,0.001854640431702137,0.022147683426737785,0.03736089915037155,0.02302950993180275,0.003073850879445672,0.0024094749242067337,0.06443460285663605,0.6161096096038818,0.024323580786585808,Snare_drum
46b52f97.wav,Snare_drum,0.0008916100487112999,1.3736792425333988e-05,8.645958587294444e-05,0.00016315064567606896,1.0050225540680913e-07,1.0736438525782432e-05,0.13944761455059052,0.005859787575900555,0.8527979850769043,0.0007288414635695517,Snare_drum
0c67f402.wav,Snare_drum,0.08006010949611664,0.00020033755572512746,0.002848902717232704,0.0018768003210425377,2.9789678592351265e-05,0.0039781867526471615,0.0004285810573492199,0.1962159126996994,0.32892775535583496,0.38543370366096497,Violin_or_fiddle
c8ecbbfd.wav,Snare_drum,0.05211253464221954,0.0014522584388032556,0.012256416492164135,0.03896332159638405,0.0011251462856307626,0.005148561205714941,0.0023481370881199837,0.07143259048461914,0.8044493794441223,0.010711674578487873,Snare_drum
9f84ea5a.wav,Snare_drum,0.036641668528318405,0.0021905195899307728,0.18453368544578552,0.21612560749053955,0.010524356737732887,0.014532608911395073,0.0014564560260623693,0.011990617960691452,0.11173471808433533,0.41026973724365234,Violin_or_fiddle
e4958adc.wav,Snare_drum,0.04297199845314026,0.00023127568420022726,0.009562985971570015,0.0012949829688295722,5.809502908959985e-05,0.006215327885001898,0.0005226255161687732,0.1462288200855255,0.20370066165924072,0.5892134308815002,Violin_or_fiddle
5ce40b1b.wav,Snare_drum,0.08558021485805511,0.002388275694102049,0.050250034779310226,0.09267591685056686,0.024074720218777657,0.006798746529966593,0.00039610950625501573,0.04095391184091568,0.6596274971961975,0.03725452721118927,Snare_drum
9d308738.wav,Snare_drum,0.012501022778451443,0.0017148499609902501,0.11645335704088211,0.03389257192611694,0.006092526949942112,0.06387832015752792,0.35472285747528076,0.018450088798999786,0.2871667146682739,0.10512765496969223,Hi-hat
1e3391d5.wav,Snare_drum,0.03362270072102547,0.0001202775165438652,0.02353905700147152,0.038618315011262894,0.001502957078628242,0.0042264158837497234,1.594671994098462e-05,0.17133191227912903,0.16133500635623932,0.5656874179840088,Violin_or_fiddle
ff3f21e7.wav,Snare_drum,0.07602465152740479,0.0005296589224599302,0.010668626986443996,0.0014294508146122098,0.00018845725571736693,0.0030203049536794424,8.2927115727216e-05,0.06489010900259018,0.1309361755847931,0.7122296094894409,Violin_or_fiddle
b68f10af.wav,Snare_drum,0.11494914442300797,0.004199343733489513,0.05004646256566048,0.06265770643949509,0.009027157910168171,0.026895204558968544,0.033755820244550705,0.06458787620067596,0.5603216886520386,0.0735594779253006,Snare_drum
e8e00924.wav,Snare_drum,0.22002388536930084,0.0006009216303937137,0.01899721287190914,0.04130726307630539,0.0020351773127913475,0.024902625009417534,0.00028631510213017464,0.21885022521018982,0.38982319831848145,0.08317318558692932,Snare_drum
22e1c02c.wav,Snare_drum,0.15357185900211334,0.018348226323723793,0.21139270067214966,0.09049928188323975,0.024758821353316307,0.015792764723300934,0.003498509293422103,0.07155018299818039,0.3821045458316803,0.028483092784881592,Snare_drum
5c33d972.wav,Snare_drum,0.08156509697437286,0.014129181392490864,0.2654010057449341,0.10514255613088608,0.04050780087709427,0.08190710097551346,0.0003120873006992042,0.04358040168881416,0.3387337028980255,0.028721045702695847,Snare_drum
9320c55f.wav,Snare_drum,0.015661505982279778,0.007792815566062927,0.15027832984924316,0.0021438354160636663,0.005972214043140411,0.025564705953001976,0.005267441738396883,0.00432990537956357,0.7608307600021362,0.02215849980711937,Snare_drum
f1754aea.wav,Snare_drum,0.009571373462677002,0.0020900594536215067,0.008002535440027714,0.0018974430859088898,0.00013951667642686516,0.002857305807992816,0.13114772737026215,0.00564091419801116,0.8376354575157166,0.001017652335576713,Snare_drum
b218444c.wav,Snare_drum,0.05796138569712639,0.0004585286951623857,0.05971737578511238,0.036875613033771515,0.04919210076332092,0.07328394800424576,8.330766286235303e-05,0.06261355429887772,0.08700481802225113,0.5728093385696411,Violin_or_fiddle
36d06cc0.wav,Snare_drum,0.08390074968338013,0.001941421302035451,0.014314191415905952,0.0009742802940309048,0.00018578556773718446,0.0067325159907341,0.00032444536918774247,0.18034827709197998,0.23142120242118835,0.47985705733299255,Violin_or_fiddle
4c4d4797.wav,Snare_drum,0.005806362722069025,8.102427273115609e-06,0.0044584679417312145,0.5425172448158264,0.000632618903182447,0.004854721017181873,0.008099467493593693,0.01183773297816515,0.0016195423668250442,0.4201658070087433,Clarinet
cae0d841.wav,Snare_drum,0.01041093934327364,8.810450526652858e-05,0.00016207470616791397,0.04099724814295769,4.5260787828738103e-07,7.596237264806405e-05,0.0001281417498830706,0.012586317025125027,0.7987011075019836,0.1368495672941208,Snare_drum
17f82c05.wav,Acoustic_guitar,0.39605167508125305,0.004766872618347406,0.3164218068122864,0.0028222219552844763,0.1573944240808487,0.039393458515405655,0.0003161112545058131,0.01743057556450367,0.036441318690776825,0.02896156534552574,Acoustic_guitar
0eeaebcb.wav,Acoustic_guitar,0.5096846222877502,0.0002232067345175892,0.11677633225917816,0.12127010524272919,0.01784202829003334,0.17143034934997559,0.00010638047388056293,0.0386631153523922,0.008978880941867828,0.015024910680949688,Acoustic_guitar
e92bf0fa.wav,Acoustic_guitar,0.608615517616272,0.00032180669950321317,0.16601397097110748,0.02391400933265686,0.010544972494244576,0.07336708903312683,1.2008168596366886e-05,0.03858579695224762,0.009394543245434761,0.06923020631074905,Acoustic_guitar
10da16fb.wav,Acoustic_guitar,0.7462479472160339,0.001440021675080061,0.01553860493004322,0.03383270278573036,0.02785361371934414,0.056525517255067825,8.478609743178822e-06,0.015588397160172462,0.005675727967172861,0.09728918224573135,Acoustic_guitar
a25423a8.wav,Acoustic_guitar,0.3780578076839447,0.004777383990585804,0.10531359165906906,0.1352982074022293,0.3140066862106323,0.019421173259615898,1.1412805179134011e-05,0.02197524532675743,0.010588782839477062,0.010549827478826046,Acoustic_guitar
16c9a838.wav,Acoustic_guitar,0.9161819815635681,0.00038821299676783383,0.0013603296829387546,0.0704171359539032,0.0017337852623313665,0.0011979816481471062,2.2020763879027072e-07,0.0015179666224867105,0.0004997068317607045,0.006702793762087822,Acoustic_guitar
70ca9c77.wav,Acoustic_guitar,0.3312356472015381,0.0047896564938127995,0.1348292976617813,0.15866416692733765,0.34406042098999023,0.00277932221069932,8.791692380327731e-06,0.005522645078599453,0.0065927873365581036,0.011517258360981941,Double_bass
38216fad.wav,Acoustic_guitar,0.6211692094802856,0.007506798952817917,0.07337697595357895,0.02796553075313568,0.08495116233825684,0.05175796523690224,8.701783372089267e-05,0.11808523535728455,0.009161185473203659,0.005939008668065071,Acoustic_guitar
d8a257e5.wav,Acoustic_guitar,0.14683592319488525,0.0025297687388956547,0.09881437569856644,0.03767455369234085,0.004724469967186451,0.16164979338645935,0.0008133035153150558,0.11807489395141602,0.018516190350055695,0.4103667736053467,Violin_or_fiddle
7506dcc4.wav,Acoustic_guitar,0.9782111644744873,8.267545126727782e-06,0.002130651380866766,0.0032138866372406483,0.011746578849852085,8.108741167234257e-05,3.296945294550824e-08,0.003012946108356118,0.00020007227431051433,0.001395250903442502,Acoustic_guitar
a6728901.wav,Acoustic_guitar,0.6048768758773804,1.6507619875483215e-06,0.00737216230481863,0.005055812653154135,0.00020601891446858644,0.2625822424888611,2.0247810539331113e-07,0.020091023296117783,4.4800632167607546e-05,0.09976916015148163,Acoustic_guitar
b88322f6.wav,Acoustic_guitar,0.9456766843795776,0.001007515238597989,0.03142489865422249,7.952580199344084e-05,0.0071432944387197495,0.0023497247602790594,2.4664477678015828e-05,0.006896671839058399,0.0022146340925246477,0.0031823799945414066,Acoustic_guitar
35039ae1.wav,Acoustic_guitar,0.8108642101287842,0.00017893877520691603,0.06530537456274033,0.003130281111225486,0.003984151408076286,0.09420181065797806,5.805813430015405e-07,0.0034890335518866777,0.00046211600420065224,0.018383586779236794,Acoustic_guitar
236cbab1.wav,Acoustic_guitar,0.3917250335216522,0.003343896707519889,0.11043396592140198,0.180738165974617,0.22034931182861328,0.006717098876833916,0.009874320589005947,0.0524454340338707,0.01892666146159172,0.005446028895676136,Acoustic_guitar
0356dec7.wav,Acoustic_guitar,0.6512911915779114,0.003625530283898115,0.11164117604494095,0.012102814391255379,0.02598550170660019,0.017398877069354057,5.127132681082003e-05,0.07030878216028214,0.012429345399141312,0.09516563266515732,Acoustic_guitar
bb1f5874.wav,Acoustic_guitar,0.5019690990447998,0.0003906529163941741,0.10781949758529663,0.16486038267612457,0.07916358858346939,0.056830499321222305,8.110803719318938e-06,0.045830462127923965,0.02679995261132717,0.016327757388353348,Acoustic_guitar
34747922.wav,Acoustic_guitar,0.6989782452583313,0.00034255062928423285,0.004591368604451418,0.024699369445443153,0.0006715685594826937,0.1914840042591095,6.720713281538337e-05,0.011424758471548557,0.00027434324147179723,0.06746654957532883,Acoustic_guitar
44fb3eeb.wav,Acoustic_guitar,0.878844141960144,2.9362561690504663e-05,0.01608949713408947,0.0003759201499633491,0.00036863223067484796,0.02001008205115795,3.148806854369468e-06,0.07090700417757034,0.0003853063390124589,0.012986812740564346,Acoustic_guitar
367ad7b1.wav,Acoustic_guitar,0.3548889756202698,7.359226583503187e-05,0.0024241688661277294,0.48340022563934326,0.0374428890645504,0.001959023764356971,4.149904953010264e-07,0.11180270463228226,0.003301793010905385,0.004706243518739939,Clarinet
160c92d7.wav,Acoustic_guitar,0.7293832302093506,0.0005414870684035122,0.012511704117059708,0.006182898301631212,0.02983098290860653,0.04071230813860893,6.4078503783093765e-06,0.07864270359277725,0.004451802931725979,0.09773646295070648,Acoustic_guitar
2016d256.wav,Acoustic_guitar,0.9335780143737793,1.1158332924310344e-08,5.440490895125549e-06,0.06044214218854904,1.7914548152475618e-05,0.00246043736115098,1.0328035315865236e-08,0.003289197338744998,0.0001845078804763034,2.2316129616228864e-05,Acoustic_guitar
fc55d588.wav,Acoustic_guitar,0.04870688170194626,0.00020164182933513075,0.11060072481632233,0.20207302272319794,0.009052770212292671,0.3688071072101593,0.00035392757854424417,0.16491176187992096,0.0068724993616342545,0.08841966092586517,Flute
c7846d27.wav,Acoustic_guitar,0.4313293993473053,1.4361728972289711e-05,0.032634980976581573,0.034771207720041275,0.00010382790787843987,0.44064658880233765,7.801752872182988e-06,0.0017085957806557417,0.011709810234606266,0.047073446214199066,Flute
55822aae.wav,Acoustic_guitar,0.41795817017555237,0.001621771021746099,0.1808834671974182,0.11087542772293091,0.026616135612130165,0.12741760909557343,0.00025121329235844314,0.047858722507953644,0.03843860700726509,0.048078883439302444,Acoustic_guitar
9923ddf8.wav,Acoustic_guitar,0.34561070799827576,7.849861844988482e-07,0.0002419306110823527,0.6269088387489319,0.007151127327233553,0.0023530111648142338,1.7624780523917138e-09,0.0015803627902641892,0.016047785058617592,0.00010548488353379071,Clarinet
32dee61b.wav,Acoustic_guitar,0.29649123549461365,0.03567234054207802,0.24101342260837555,0.06711219996213913,0.26666030287742615,0.018441934138536453,6.0011276218574494e-05,0.04220559075474739,0.020139794796705246,0.01220311876386404,Acoustic_guitar
fa4d4a92.wav,Acoustic_guitar,0.1039857268333435,0.0013550225412473083,0.052175216376781464,0.6165692210197449,0.19737106561660767,0.00456323241814971,1.3610039786726702e-05,0.012838108465075493,0.0056317816488444805,0.005497097037732601,Clarinet
8da75280.wav,Acoustic_guitar,0.0638599619269371,0.0007595517090521753,0.12723039090633392,0.6707565188407898,0.051600560545921326,0.025755198672413826,0.00012199970660731196,0.04822073504328728,0.003177466569468379,0.00851788092404604,Clarinet
b2261238.wav,Acoustic_guitar,0.345547616481781,0.00040402403101325035,0.060466401278972626,0.19508425891399384,0.03846311941742897,0.03248335048556328,0.0001666965108597651,0.23025581240653992,0.02213151380419731,0.07499714940786362,Acoustic_guitar
673defaf.wav,Acoustic_guitar,0.2627784013748169,0.005000680685043335,0.05689268186688423,0.0003763713757507503,0.013117523863911629,0.02079077437520027,0.00012232057633809745,0.04888680577278137,0.0041577573865652084,0.5878767967224121,Violin_or_fiddle
e6597186.wav,Double_bass,0.1598254144191742,0.0029612500220537186,0.1381618231534958,0.4929289221763611,0.10610052943229675,0.03640507161617279,0.0006130675319582224,0.040733810514211655,0.015895769000053406,0.006374312564730644,Clarinet
fcfafbc8.wav,Double_bass,0.16517551243305206,0.0032413434237241745,0.24245133996009827,0.004773589316755533,0.5792967677116394,0.00023062093532644212,2.1492544419743354e-06,0.0015016940888017416,0.00277533708140254,0.0005515801021829247,Double_bass
444f9db5.wav,Double_bass,0.27446094155311584,5.489703835337423e-05,0.017336655408143997,0.05594341829419136,0.03249600529670715,0.08761219680309296,7.872074093029369e-06,0.4490259885787964,0.01872963272035122,0.06433247774839401,Saxophone
19893aa8.wav,Double_bass,0.21161067485809326,0.011336786672472954,0.05914459750056267,0.0041762045584619045,0.7002464532852173,0.005647605285048485,0.00020942407718393952,0.0006873655365779996,0.005224970169365406,0.0017159065464511514,Double_bass
f042282c.wav,Double_bass,0.04233983904123306,0.025230996310710907,0.072602778673172,0.7093620896339417,0.14405621588230133,0.0016358703142032027,6.273246981436387e-05,0.0005086021265015006,0.002374157076701522,0.0018266314873471856,Clarinet
95e1d0ae.wav,Double_bass,0.1324368268251419,0.00741057563573122,0.2344077229499817,0.030778666958212852,0.5597128868103027,0.006773083470761776,4.794785854755901e-05,0.009916950017213821,0.0013683984288945794,0.017146974802017212,Double_bass
595c191d.wav,Double_bass,0.16644905507564545,0.00030256566242314875,0.039279744029045105,0.06166309490799904,0.5097419619560242,0.0775524228811264,4.219296897645108e-06,0.07659370452165604,0.0005714437575079501,0.0678417831659317,Double_bass
8073923c.wav,Double_bass,0.0562153160572052,0.0009184054215438664,0.16044987738132477,0.6641200184822083,0.048573095351457596,0.01865343376994133,6.025196853443049e-05,0.04107990488409996,0.003288287902250886,0.00664144242182374,Clarinet
6efbaf90.wav,Double_bass,0.12000758945941925,0.042865753173828125,0.13701103627681732,0.03717988729476929,0.6482652425765991,0.009236006066203117,0.0001441017957404256,0.0010270255152136087,0.0025466643273830414,0.0017167037585750222,Double_bass
642ad7e4.wav,Double_bass,0.17020060122013092,0.0010950458236038685,0.2534480094909668,0.07001730054616928,0.49302002787590027,0.0015308390138670802,2.7887397209269693e-06,0.007066298741847277,0.0019022520864382386,0.00171686802059412,Double_bass
5eadbc6d.wav,Double_bass,0.18805573880672455,0.011624706909060478,0.2967415750026703,0.31867411732673645,0.14825238287448883,0.016202522441744804,0.00026538039674051106,0.007477477192878723,0.005483928602188826,0.007222224958240986,Clarinet
1a7d3f2d.wav,Double_bass,0.3395441174507141,0.0018661312060430646,0.21193775534629822,0.21269582211971283,0.19883686304092407,0.00428437627851963,0.00010560418741079047,0.006697286851704121,0.01720716804265976,0.0068249087780714035,Acoustic_guitar
13da16ae.wav,Double_bass,0.0810726210474968,0.015267644077539444,0.06579382717609406,0.2757568359375,0.5240140557289124,0.002048308728262782,0.0002044505818048492,0.024766404181718826,0.004557432606816292,0.006518414709717035,Double_bass
103f29e5.wav,Double_bass,0.24028629064559937,0.000752281688619405,0.03638530522584915,0.19422192871570587,0.2841014564037323,0.06311728805303574,4.639940925699193e-06,0.09937968105077744,0.0018712019082158804,0.07987996190786362,Double_bass
da8ea649.wav,Double_bass,0.1592157930135727,0.01710420846939087,0.11360382288694382,0.0023839992936700583,0.7065912485122681,7.162828114815056e-05,3.25272685586242e-06,0.0002763902593869716,0.0006556116859428585,9.40684403758496e-05,Double_bass
ca348cbb.wav,Double_bass,0.4397847652435303,0.0030865308362990618,0.22759881615638733,0.007264287676662207,0.3168298900127411,0.0007780544110573828,1.1484605693112826e-06,0.0028317116666585207,0.0015040902653709054,0.000320745020871982,Acoustic_guitar
8ce2e863.wav,Double_bass,0.10028286278247833,0.02350860834121704,0.2090926617383957,0.07536622136831284,0.5814869999885559,0.001139725442044437,0.001977700972929597,0.0030542940367013216,0.0018993215635418892,0.0021916923578828573,Double_bass
462b676f.wav,Double_bass,0.1595313847064972,0.009761789813637733,0.03200655058026314,0.026645071804523468,0.6117488741874695,0.007578363176435232,0.00011032993643311784,0.050999127328395844,0.052654873579740524,0.04896356910467148,Double_bass
b428466c.wav,Double_bass,0.12596122920513153,0.003981461748480797,0.3055064380168915,0.002737396163865924,0.4801015853881836,0.006072370335459709,1.0410490176582243e-05,0.06905864924192429,0.0018441021675243974,0.0047263274900615215,Double_bass
4fd883bb.wav,Double_bass,0.17880769073963165,0.002098089549690485,0.09008768945932388,0.35565149784088135,0.3525700867176056,0.00451748026534915,1.1293835996184498e-05,0.009141325950622559,0.004368509165942669,0.0027463834267109632,Clarinet
2ac8b94f.wav,Double_bass,0.029260439798235893,7.903867663117126e-05,0.3069654405117035,0.00469258101657033,0.004025629721581936,0.40842780470848083,5.9405952924862504e-05,0.2318846881389618,7.340682350331917e-05,0.014531583525240421,Flute
c840804f.wav,Double_bass,0.30646082758903503,0.008310431614518166,0.23279698193073273,0.0003450954973232001,0.42039328813552856,0.0015564380446448922,8.838061330607161e-05,0.018808262422680855,0.007995848543941975,0.003244489897042513,Double_bass
f63f3703.wav,Double_bass,0.13830381631851196,0.005881916265934706,0.16663584113121033,0.002081769984215498,0.6745250821113586,0.0018643946386873722,9.368495739181526e-06,0.0004961040103808045,0.0010590552119538188,0.009142756462097168,Double_bass
c0ddf010.wav,Double_bass,0.07427216321229935,0.032979052513837814,0.0735078826546669,0.15960952639579773,0.6541019082069397,0.00030549083021469414,0.00013523391680791974,0.003172660246491432,0.0013401927426457405,0.0005758642219007015,Double_bass
a0cbe92e.wav,Double_bass,0.09377889335155487,0.023996055126190186,0.15820467472076416,0.11825321614742279,0.5944476127624512,0.005253621377050877,6.158399628475308e-05,0.0016128638526424766,0.0025178182404488325,0.001873642555437982,Double_bass
4fb480bf.wav,Double_bass,0.13072656095027924,0.2817705273628235,0.17877693474292755,0.009128249250352383,0.38841286301612854,0.0045710401609539986,0.00014794628077652305,0.0016140672378242016,0.0019563701935112476,0.0028954704757779837,Double_bass
9dd0141c.wav,Double_bass,0.15173561871051788,0.00027209281688556075,0.0315694622695446,0.1951540857553482,0.2032908946275711,0.11783376336097717,1.6767897250247188e-05,0.20724549889564514,0.0062963878735899925,0.08658537268638611,Saxophone
deb87700.wav,Double_bass,0.012866574339568615,0.018927285447716713,0.10935265570878983,0.5404015779495239,0.27134981751441956,0.005318499635905027,0.00012744373816531152,0.031218616291880608,0.007824537344276905,0.002612935844808817,Clarinet
e0ecd1a6.wav,Double_bass,0.0815059021115303,0.0033222574274986982,0.14970602095127106,0.5619297623634338,0.09686718881130219,0.00595063203945756,6.277558713918552e-05,0.02289913222193718,0.023364804685115814,0.05439141392707825,Clarinet
0286fc27.wav,Double_bass,0.4013628363609314,0.014706142246723175,0.039849232882261276,0.009498375467956066,0.5282188653945923,0.0024060625582933426,6.67263739160262e-05,0.0004288526251912117,0.0020840137731283903,0.001378991873934865,Double_bass
e2d993ec.wav,Cello,0.10012667626142502,0.005909297149628401,0.22530728578567505,0.024061547592282295,0.025475962087512016,0.40444254875183105,0.0017269350355491042,0.13819639384746552,0.019285622984170914,0.05546770617365837,Flute
0091fc7f.wav,Cello,0.035125743597745895,0.004539434798061848,0.34260034561157227,0.36879926919937134,0.017253432422876358,0.14380566775798798,0.0008426043787039816,0.037936579436063766,0.014437896199524403,0.03465908393263817,Clarinet
e55c5160.wav,Cello,0.020339500159025192,0.0011709395330399275,0.3427128493785858,0.47434329986572266,0.015120059251785278,0.06328471004962921,0.001242369064129889,0.03685946390032768,0.01885991171002388,0.02606680430471897,Clarinet
a59b5a08.wav,Cello,0.07460352778434753,0.07369916141033173,0.6945585608482361,0.005937307607382536,0.13298837840557098,0.005400055553764105,6.609637785004452e-05,0.0007906208629719913,0.004423815757036209,0.007532523013651371,Cello
88500b88.wav,Cello,0.018797025084495544,0.000709580781403929,0.16050855815410614,0.011562328785657883,0.004067439120262861,0.623312771320343,0.0007993480539880693,0.15281835198402405,0.007669803220778704,0.019754847511649132,Flute
743ae0f9.wav,Cello,0.09410950541496277,0.03612155094742775,0.6083918809890747,0.00969009567052126,0.12242257595062256,0.07287178933620453,8.051117765717208e-05,0.043304480612277985,0.0040748207829892635,0.008932892233133316,Cello
9e3bc1b6.wav,Cello,0.21115778386592865,0.0012643183581531048,0.09566047787666321,0.032909225672483444,0.013825207017362118,0.398958295583725,0.00019920896738767624,0.18673907220363617,0.004226769786328077,0.055059634149074554,Flute
3e2bddda.wav,Cello,0.10418606549501419,0.0032624697778373957,0.14212599396705627,0.054916318506002426,0.00700422516092658,0.060455478727817535,0.005552059505134821,0.06910835951566696,0.07094688713550568,0.48244211077690125,Violin_or_fiddle
d328db67.wav,Cello,0.06312760710716248,0.003368389792740345,0.27652332186698914,0.03231363743543625,0.01692465879023075,0.490097314119339,0.0018480033613741398,0.06565283983945847,0.029030095785856247,0.021114036440849304,Flute
7d896090.wav,Cello,0.05181264504790306,0.000576191523578018,0.09084008634090424,0.0149766206741333,0.013110457919538021,0.29755163192749023,0.000977660994976759,0.441864550113678,0.019749479368329048,0.06854061782360077,Saxophone
4bff8f32.wav,Cello,0.11987468600273132,0.0022548730485141277,0.2596173882484436,0.35569190979003906,0.11632087826728821,0.13868926465511322,0.0001802835031412542,0.0029970298055559397,0.00205203122459352,0.002321613719686866,Clarinet
5e5bca7a.wav,Cello,0.053835272789001465,0.06318676471710205,0.7663561701774597,0.028044776991009712,0.05734299123287201,0.00876468326896429,0.00015859704581089318,0.0024144137278199196,0.005714998580515385,0.014181302860379219,Cello
811bf309.wav,Cello,0.20120815932750702,0.03081199713051319,0.34937989711761475,0.10625338554382324,0.017656363546848297,0.11945704370737076,0.0005075510707683861,0.10195700824260712,0.022667651996016502,0.050100911408662796,Cello
5689818f.wav,Cello,0.41644638776779175,0.007213911507278681,0.1123562604188919,0.00717197498306632,0.039359867572784424,0.19857089221477509,0.0002923744323197752,0.017093345522880554,0.012644489295780659,0.18885041773319244,Acoustic_guitar
81d9f077.wav,Cello,0.04603790119290352,0.005342964548617601,0.2780779302120209,0.008804930374026299,0.1176227331161499,0.4636208117008209,6.698297511320561e-05,0.06667459011077881,0.006982963532209396,0.0067679802887141705,Flute
00353774.wav,Cello,0.013277987949550152,0.00038690646761097014,0.4171929359436035,0.10478904843330383,0.0027224652003496885,0.4014992117881775,0.004508493933826685,0.014898472465574741,0.024499960243701935,0.016224605962634087,Cello
6a210ffa.wav,Cello,0.11386288702487946,0.0032846317626535892,0.30771830677986145,0.03993302956223488,0.15422138571739197,0.34378528594970703,0.00016947207041084766,0.022605841979384422,0.009656243957579136,0.004762930795550346,Flute
e97d9707.wav,Cello,0.011702604591846466,0.011530294083058834,0.13196171820163727,0.08455434441566467,0.02681938000023365,0.5754653215408325,0.0014656074345111847,0.08350113034248352,0.006887328345328569,0.06611228734254837,Flute
238b16a5.wav,Cello,0.06185663491487503,0.0009351781918667257,0.369541734457016,0.38429802656173706,0.06862984597682953,0.049169085919857025,0.00012169899855507538,0.052279431372880936,0.0038124804850667715,0.009355938993394375,Clarinet
dc5be9d7.wav,Cello,0.21312981843948364,0.000711599481292069,0.22689221799373627,0.005550375208258629,0.033521827310323715,0.44948846101760864,0.00010832252883119509,0.052904609590768814,0.0010083894012495875,0.016684385016560555,Flute
f9653de8.wav,Cello,0.14708654582500458,0.060156356543302536,0.5989483594894409,0.0032531991600990295,0.17448148131370544,0.0024968693032860756,0.00040591746801510453,0.0011760162888094783,0.007085583172738552,0.004909635987132788,Cello
31dbc5c0.wav,Cello,0.1009245440363884,0.0026705090422183275,0.3753599524497986,0.03302375227212906,0.012267938815057278,0.4425579309463501,0.00020118591783102602,0.005705337505787611,0.010552329942584038,0.01673656888306141,Flute
cbc8d551.wav,Cello,0.15766902267932892,0.031559497117996216,0.15474466979503632,0.010969460941851139,0.03330029174685478,0.10223646461963654,0.0006134617142379284,0.017367424443364143,0.03219933807849884,0.4593403935432434,Violin_or_fiddle
195f544d.wav,Cello,0.12616588175296783,0.004729291424155235,0.2549777030944824,0.23935535550117493,0.02619842253625393,0.1539568156003952,0.0004670612688641995,0.0153757743537426,0.015747178345918655,0.1630265712738037,Cello
22bea889.wav,Cello,0.23217280209064484,0.001777620054781437,0.27676069736480713,0.27488160133361816,0.13643063604831696,0.01810266450047493,0.0001282852899748832,0.034013088792562485,0.01150935236364603,0.014223270118236542,Cello
ab8e8ae3.wav,Cello,0.053985629230737686,0.007921021431684494,0.6248214840888977,0.03430785611271858,0.023458028212189674,0.23651880025863647,8.484577119816095e-05,0.007486661430448294,0.009911205619573593,0.0015044832834973931,Cello
e70c41d4.wav,Cello,0.03002071939408779,0.00023774396686349064,0.3090295195579529,0.11651336401700974,0.003619442693889141,0.33358216285705566,3.720073800650425e-05,0.12121769040822983,0.04381869360804558,0.04192349314689636,Flute
125e6ccf.wav,Cello,0.03766508772969246,0.0007867176318541169,0.8594025373458862,0.039328500628471375,0.020312489941716194,0.00966544821858406,0.00011452988837845623,0.016448261216282845,0.007219891995191574,0.009056410752236843,Cello
2da9e12a.wav,Cello,0.08550252765417099,0.0016134268371388316,0.3806684911251068,0.021635957062244415,0.09525468945503235,0.37389546632766724,6.270909943850711e-05,0.02161867544054985,0.01689463108778,0.0028533698059618473,Cello
34e4d187.wav,Cello,0.13287395238876343,0.008510185405611992,0.5460419654846191,0.006606502458453178,0.1805507391691208,0.03192656859755516,0.0008771832217462361,0.07849020510911942,0.011007454246282578,0.003115253522992134,Cello
52e54bdd.wav,Bass_drum,0.08094874769449234,0.372061550617218,0.22347041964530945,0.010608350858092308,0.27137643098831177,0.009463883005082607,0.00035115648643113673,0.01224603969603777,0.00725190807133913,0.012221586890518665,Bass_drum
6d21ad67.wav,Bass_drum,0.01505392324179411,0.5430790781974792,0.27889493107795715,0.020704511553049088,0.10969465225934982,0.008014668710529804,0.0017073757480829954,0.002831605728715658,0.01963934302330017,0.0003799025435000658,Bass_drum
ca3f3698.wav,Bass_drum,0.007536807097494602,0.7230179905891418,0.07286541908979416,0.0003604568773880601,0.19500523805618286,0.00012674641038756818,3.978073436883278e-05,0.0005161239532753825,0.0003394879458937794,0.00019195556524209678,Bass_drum
aa9ae956.wav,Bass_drum,0.006105071399360895,0.7589368224143982,0.07696716487407684,0.0034114010632038116,0.1424204260110855,0.0015918065328150988,0.00016470535774715245,0.0009535049903206527,0.004440844524651766,0.005008155945688486,Bass_drum
0ddb4bdf.wav,Bass_drum,0.005146278999745846,0.748419463634491,0.06907079368829727,0.0052943178452551365,0.16081468760967255,0.0011062228586524725,0.00030863870051689446,0.0014772370923310518,0.0048930449411273,0.003469262272119522,Bass_drum
921eee9d.wav,Bass_drum,0.017026348039507866,0.6321775913238525,0.18762551248073578,0.001145978574641049,0.03484058007597923,0.006971590220928192,0.0008301688358187675,0.001924064359627664,0.04041704535484314,0.07704110443592072,Bass_drum
c153f347.wav,Bass_drum,0.010528895072638988,0.6560004949569702,0.06263530254364014,0.10917103290557861,0.1267831027507782,0.01005200482904911,0.0002009703021030873,0.011997736990451813,0.003390546888113022,0.009239883162081242,Bass_drum
63e0ab2c.wav,Bass_drum,0.00350082665681839,0.8276705145835876,0.0574226900935173,0.0012566075893118978,0.1047409325838089,0.0005843187100253999,0.00010643522546160966,0.00014178728451952338,0.001041625626385212,0.003534254152327776,Bass_drum
88780eac.wav,Bass_drum,0.018569059669971466,0.662743330001831,0.05716555938124657,0.001581919495947659,0.10059893131256104,0.006985832471400499,0.04241371154785156,0.005548190791159868,0.08535484969615936,0.01903853565454483,Bass_drum
bea51ca5.wav,Bass_drum,0.15672567486763,0.0008420759695582092,0.1519072949886322,0.22883939743041992,0.04246745631098747,0.35311776399612427,0.0001309248327743262,0.02262301556766033,0.0006256186752580106,0.042720817029476166,Flute
f26131d8.wav,Bass_drum,0.01746390387415886,0.45439234375953674,0.10226794332265854,0.28656578063964844,0.07656633853912354,0.0037983767688274384,0.0018512870883569121,0.009366342797875404,0.026175759732723236,0.02155185677111149,Bass_drum
ce75b5ce.wav,Bass_drum,0.017095495015382767,0.5659047365188599,0.11543945223093033,0.002319924533367157,0.114456407725811,0.0016015727305784822,0.004451490007340908,0.01810879074037075,0.12150198221206665,0.03912024945020676,Bass_drum
565f3ee2.wav,Bass_drum,0.011887096799910069,0.6881210207939148,0.07007456570863724,0.0027946841437369585,0.1646990180015564,0.0013031329726800323,0.0002830637386068702,0.008236298337578773,0.051558010280132294,0.001043021329678595,Bass_drum
ff11628d.wav,Bass_drum,0.005249266512691975,0.6669224500656128,0.0967230498790741,0.07249020040035248,0.13445572555065155,0.002890207339078188,0.00046898447908461094,0.002663546707481146,0.009496559388935566,0.008640006184577942,Bass_drum
cdfc8967.wav,Bass_drum,0.021888503804802895,0.6170699596405029,0.1531808078289032,0.006142900791019201,0.18307046592235565,0.006573820952326059,0.00036428606836125255,0.00043478701263666153,0.006349274422973394,0.004925152752548456,Bass_drum
f8a99b37.wav,Bass_drum,0.011929234489798546,0.5700349807739258,0.0779595822095871,0.03599070385098457,0.2544470429420471,0.0016910710837692022,0.0001399875181959942,0.0035875472240149975,0.040419597178697586,0.003800248261541128,Bass_drum
809ea09e.wav,Bass_drum,0.004486708901822567,0.7183817625045776,0.08247189223766327,0.023751910775899887,0.14670708775520325,0.0010043556103482842,0.0003649473947007209,0.003737620310857892,0.011979975737631321,0.007113768253475428,Bass_drum
03fc1f96.wav,Bass_drum,0.06453825533390045,0.060478679835796356,0.33462080359458923,0.0016579258954152465,0.43324756622314453,0.0021362288389354944,0.042612701654434204,0.0014197069685906172,0.058148473501205444,0.0011396531481295824,Double_bass
8b6a16de.wav,Bass_drum,0.014990778639912605,0.8369396924972534,0.031175490468740463,8.044850983424112e-05,0.11600303649902344,5.8468387578614056e-05,4.3521886254893616e-05,0.00017102196579799056,0.0003450439835432917,0.0001925268879858777,Bass_drum
7dda9dc2.wav,Bass_drum,0.5396249294281006,0.0338156521320343,0.131066232919693,0.0024951358791440725,0.10168825089931488,0.004210073500871658,0.00023186305770650506,0.05715518444776535,0.09795252978801727,0.03176024183630943,Acoustic_guitar
3a9085ca.wav,Bass_drum,0.02184341847896576,0.5825721621513367,0.055606305599212646,0.004557957872748375,0.17823193967342377,0.007123075425624847,0.0022567168343812227,0.10358768701553345,0.024937156587839127,0.01928364485502243,Bass_drum
4ba2b70e.wav,Bass_drum,0.04949040710926056,0.1710710972547531,0.3367788791656494,0.02478255331516266,0.06703207641839981,0.011189772747457027,0.007329022511839867,0.1417541354894638,0.006969128269702196,0.1836029440164566,Cello
01c2f88b.wav,Bass_drum,0.002599207917228341,0.6745088696479797,0.04868347570300102,0.09917840361595154,0.0979984775185585,0.003366391407325864,0.00018283975077793002,0.011672337539494038,0.004223157186061144,0.05758677050471306,Bass_drum
ce3f3400.wav,Bass_drum,0.14821206033229828,0.2876567840576172,0.21243968605995178,0.05601806193590164,0.28775325417518616,0.0004566503339447081,0.00017021888925228268,0.0008558927220292389,0.004101214464753866,0.002336074598133564,Double_bass
6a96272b.wav,Bass_drum,0.025589708238840103,0.1613556146621704,0.04406970739364624,0.19620543718338013,0.5675503015518188,0.0014483127743005753,0.00024629567633382976,0.0014035158092156053,0.0012528107035905123,0.0008782534277997911,Double_bass
9adffd44.wav,Bass_drum,0.008002177812159061,0.7556664347648621,0.052509717643260956,0.00016281212447211146,0.1823129504919052,7.074904715409502e-05,4.798448208021e-05,0.00015951420937199146,0.0006305333808995783,0.00043714666389860213,Bass_drum
7d11b3b4.wav,Bass_drum,0.011988618411123753,0.620810866355896,0.032832223922014236,0.1635141670703888,0.16119152307510376,0.0009844074957072735,5.638225775328465e-05,0.003166422015056014,0.004061386454850435,0.0013940352946519852,Bass_drum
bab98261.wav,Bass_drum,0.03839394077658653,0.6865383386611938,0.02113073132932186,0.11490121483802795,0.12015564739704132,0.00047931665903888643,3.6401623219717294e-05,0.011185706593096256,0.004484860692173243,0.0026938416995108128,Bass_drum
c11bacda.wav,Bass_drum,0.003856018651276827,0.7823933959007263,0.061911504715681076,0.00401656050235033,0.1396346539258957,0.001784201362170279,0.00012262273230589926,0.0004216181696392596,0.0011897414224222302,0.004669615067541599,Bass_drum
9a4bfb69.wav,Bass_drum,0.01577819511294365,0.4578527510166168,0.27567654848098755,0.008496982045471668,0.20255959033966064,0.012269185855984688,0.00048217448056675494,0.0016995880287140608,0.008571110665798187,0.016613900661468506,Bass_drum
18865530.wav,Flute,0.00017859831859823316,0.00025887618539854884,0.01552172377705574,0.03535240888595581,0.00023720662284176797,0.8654294610023499,0.020736392587423325,0.0015547596849501133,0.05797747150063515,0.002753107575699687,Flute
9f6eac9c.wav,Flute,0.0075065759010612965,1.4783100596105214e-05,0.013763697817921638,0.13645431399345398,3.1528561521554366e-05,0.7680143713951111,0.03203252702951431,0.019163575023412704,0.0015570216346532106,0.021461503580212593,Flute
07db7f16.wav,Flute,0.0005467448499985039,0.013388085179030895,0.027824223041534424,0.906890332698822,0.012812887318432331,0.008604476228356361,0.00023134863295126706,0.0005762559594586492,0.007031026296317577,0.02209465205669403,Clarinet
dc6676ff.wav,Flute,0.0011672094697132707,8.80065344972536e-05,0.003268052823841572,0.002729762578383088,2.22334028876503e-06,0.9030508995056152,0.026423536241054535,0.002674718853086233,0.05517655611038208,0.005418919026851654,Flute
3eaddda8.wav,Flute,0.017679370939731598,0.00011984561569988728,0.04998110234737396,0.10392654687166214,0.0005461681867018342,0.6657692193984985,0.0445854552090168,0.06257586926221848,0.021976519376039505,0.03283974155783653,Flute
1b93aeba.wav,Flute,0.06045377627015114,8.781752694630995e-05,0.0038330648094415665,0.03697352856397629,1.2875059837824665e-05,0.7655335068702698,0.005637727677822113,0.10106649249792099,0.021631883457303047,0.00476933503523469,Flute
c683f28f.wav,Flute,0.004992894362658262,2.34575759350264e-06,0.003930024802684784,0.008138020522892475,8.057245395320933e-06,0.9800742864608765,6.27253029961139e-06,0.001160839106887579,5.0359973101876676e-05,0.0016368157230317593,Flute
55d52a69.wav,Flute,0.0018963913898915052,0.0064881471917033195,0.0339263379573822,0.12717680633068085,0.004568920936435461,0.8026960492134094,0.005042005330324173,0.0018343225819990039,0.01286832895129919,0.003502763109281659,Flute
ca8653d2.wav,Flute,0.011061527766287327,5.108661571284756e-05,0.012073220685124397,0.1584264189004898,0.0001368595112580806,0.7044596076011658,0.005918210372328758,0.09761282056570053,0.0030491275247186422,0.007211011368781328,Flute
6b27a847.wav,Flute,0.00026917277136817575,3.204694439773448e-05,0.009077358990907669,0.02476889081299305,3.112200283794664e-05,0.9477232098579407,0.014436470344662666,0.0014210304943844676,0.0011735198786482215,0.0010669893817976117,Flute
4bcc8a77.wav,Flute,0.30800023674964905,0.00011336895113345236,0.010857592336833477,0.027104932814836502,5.798911297461018e-05,0.15248681604862213,0.00026455309125594795,0.48292845487594604,0.009389537386596203,0.008796503767371178,Saxophone
84f5b84b.wav,Flute,0.0010706348111853004,1.3278799997351598e-06,0.01033549103885889,0.009256777353584766,2.4358114387723617e-05,0.9749535918235779,5.385330496210372e-06,0.002149344654753804,2.8168577046017163e-05,0.00217461003921926,Flute
5d73ee6f.wav,Flute,0.05752779543399811,0.005255198571830988,0.05814789980649948,0.10510633140802383,0.008498082868754864,0.5520921349525452,0.12362781167030334,0.04656725376844406,0.013842293992638588,0.029335297644138336,Flute
5d040c3b.wav,Flute,0.0002685092040337622,0.00031557667534798384,0.015489728190004826,0.005537716206163168,9.942283941200003e-05,0.8675463199615479,0.0006741572869941592,0.09193553030490875,0.012458961457014084,0.005674074869602919,Flute
6a037ddf.wav,Flute,0.0007295271498151124,0.014728962443768978,0.03862852230668068,0.24252328276634216,0.009871122427284718,0.6605735421180725,0.010078093968331814,0.011632789857685566,0.007689004298299551,0.003544979030266404,Flute
35e97db3.wav,Flute,1.3622706092064618e-06,1.7827535003789308e-08,0.0003541584883350879,0.0311051607131958,3.237867574057418e-08,0.9224143028259277,0.04120219126343727,0.0006765183061361313,0.003956269938498735,0.00028998780180700123,Flute
d14f5df1.wav,Flute,0.010120206512510777,3.74197588826064e-05,0.012664694339036942,0.18955346941947937,0.00010282945004291832,0.6190545558929443,0.024422062560915947,0.12753508985042572,0.0035001602955162525,0.013009374029934406,Flute
9f522cda.wav,Flute,0.0019278331892564893,6.118956008549503e-08,0.00029966956935822964,0.3567938804626465,7.690342727073585e-07,0.5981216430664062,1.513849099410436e-07,0.01032972987741232,0.021533912047743797,0.010992567986249924,Flute
fe76c972.wav,Flute,0.006797668989747763,4.197258476779098e-06,0.009278304874897003,0.12218184769153595,1.6512532965862192e-05,0.7734107971191406,0.026455938816070557,0.04559158906340599,0.0021496943663805723,0.01411355845630169,Flute
562d93f5.wav,Flute,0.009175104089081287,0.004369183909147978,0.024516001343727112,0.16759629547595978,0.005608734674751759,0.7343109846115112,0.011406613513827324,0.01840437948703766,0.006076196674257517,0.018536575138568878,Flute
fa32109e.wav,Flute,0.0005931835621595383,1.7182326701004058e-05,0.0071808393113315105,0.15934619307518005,2.2764746972825378e-05,0.7439759969711304,0.048718564212322235,0.030627747997641563,0.006982976570725441,0.0025347324553877115,Flute
b4b2b68d.wav,Flute,0.02029789239168167,3.2429536076961085e-05,0.08532710373401642,0.09364600479602814,0.0005777092883363366,0.7208439111709595,0.01447541918605566,0.03196025639772415,0.0038703412283211946,0.028968892991542816,Flute
af227d6f.wav,Flute,0.010166878812015057,6.817337998654693e-05,0.02243986912071705,0.19639019668102264,0.00010877213208004832,0.7033986449241638,0.00015590638213325292,0.03566772863268852,0.0003269838052801788,0.031276967376470566,Flute
85d6a7d2.wav,Flute,0.002491939812898636,2.3106171283870935e-05,0.012834172695875168,0.24767924845218658,8.095043449429795e-05,0.7064453363418579,0.012796877883374691,0.015794772654771805,0.00015270507719833404,0.0017009162111207843,Flute
3707da71.wav,Flute,0.017928684130311012,1.0867976925510447e-05,0.01797366887331009,0.12016229331493378,0.00024854514049366117,0.6826143264770508,0.030328549444675446,0.06624098867177963,0.0035634690430015326,0.06092862784862518,Flute
61c914b1.wav,Flute,0.001062478288076818,0.0004963488318026066,0.010609583929181099,0.8708246350288391,0.0006730341701768339,0.10727664083242416,0.00012790391338057816,0.00010221587581327185,0.00800101738423109,0.0008261205512098968,Clarinet
f5e20dce.wav,Flute,0.1249367967247963,0.0013463045470416546,0.17695482075214386,0.142111137509346,0.0169543270021677,0.25307634472846985,0.0024303654208779335,0.12085162848234177,0.10971267521381378,0.05162562057375908,Flute
b0d9849d.wav,Flute,0.01355172973126173,0.008825254626572132,0.01983945444226265,0.18553473055362701,0.005782199092209339,0.7056242227554321,0.023501645773649216,0.020668696612119675,0.011649957858026028,0.005022008437663317,Flute
6ef82473.wav,Flute,0.03085457719862461,0.0001841393968788907,0.012235885486006737,0.14674614369869232,0.0005549133056774735,0.6774871349334717,0.038412559777498245,0.07901681214570999,0.003114108694717288,0.011393778957426548,Flute
8986cced.wav,Flute,0.018140606582164764,0.00011062398698413745,0.00874735414981842,0.6106100678443909,0.003940770402550697,0.009460126981139183,0.0004925078246742487,0.3367924690246582,0.00880469661206007,0.0029007322154939175,Clarinet
a64a3740.wav,Clarinet,4.645911758416332e-06,6.8235421757378845e-09,3.137731255264953e-05,0.9809955358505249,3.415160065856071e-08,0.01829097606241703,1.4293671483756043e-05,2.2520816855831072e-05,0.00011671052197925746,0.0005237904842942953,Clarinet
ad7ec8cb.wav,Clarinet,4.9155292799696326e-05,5.2721115667564433e-11,3.9939854445947276e-07,0.9993480443954468,5.520441326289927e-10,0.0004334480909164995,5.375607088353718e-07,5.418714295046811e-07,3.980760084232315e-06,0.00016383286856580526,Clarinet
8ee44fb5.wav,Clarinet,0.0011873118346557021,3.869865395245142e-05,0.0014854844193905592,0.9503316283226013,4.818998058908619e-05,0.001098908600397408,1.921311195474118e-05,0.008098560385406017,0.010221228003501892,0.027470840141177177,Clarinet
7eb959ec.wav,Clarinet,0.008207798935472965,0.0001882408105302602,0.01644159108400345,0.9256597757339478,0.002743649762123823,0.02136668935418129,0.009749328717589378,0.011789846234023571,0.0025534615851938725,0.001299591502174735,Clarinet
e51e1770.wav,Clarinet,0.0002190127270296216,1.0722667553864085e-07,9.420829883310944e-06,0.9286760091781616,1.755941593728494e-05,0.0013366899220272899,0.039958592504262924,0.024259135127067566,0.0003552671114448458,0.005168265663087368,Clarinet
3f7e6da8.wav,Clarinet,0.00017450111045036465,8.52062748890603e-06,0.0019026846857741475,0.9520743489265442,0.00022221494873519987,0.005162040702998638,0.019088685512542725,0.004394381307065487,4.8373582103522494e-05,0.016924193128943443,Clarinet
3cbe9902.wav,Clarinet,0.0017384594539180398,0.012129724025726318,0.04317332059144974,0.8894525766372681,0.014639491215348244,0.01420653983950615,0.012105092406272888,0.002996739698573947,0.0045441919937729836,0.005013817921280861,Clarinet
9a722e53.wav,Clarinet,0.00017415803449694067,1.4244865269574802e-06,0.0021894178353250027,0.9942241311073303,0.0002192567044403404,0.0013399512972682714,2.7402054456615588e-06,0.0016386512434110045,1.1171662663400639e-05,0.0001991107565118,Clarinet
19105b8a.wav,Clarinet,0.0024855947121977806,1.2837212125305086e-05,0.004015776328742504,0.930678129196167,0.0009338721283711493,0.00454801507294178,0.017302369698882103,0.002665638690814376,0.0009001863072626293,0.036457497626543045,Clarinet
1f81cc2b.wav,Clarinet,0.003321995958685875,7.942591037135571e-05,0.0037829962093383074,0.9455856084823608,0.0008768733241595328,0.03880438581109047,6.628272967645898e-05,0.0044020493514835835,0.0007089774007909,0.002371471142396331,Clarinet
44c5094c.wav,Clarinet,0.0004443663638085127,5.9224416872893926e-06,0.011936534196138382,0.9675192832946777,0.00012295160559006035,0.015509624034166336,0.00018083157192450017,0.003797717159613967,0.00010252044739900157,0.00038028895505703986,Clarinet
5506629f.wav,Clarinet,0.06698021292686462,0.0015881581930443645,0.031319357454776764,0.7222200036048889,0.06889094412326813,0.014317184686660767,0.04839546978473663,0.009970542043447495,0.015639685094356537,0.020678427070379257,Clarinet
ddf23920.wav,Clarinet,0.000466157216578722,6.515672623663704e-08,0.0003750244213733822,0.9025413990020752,5.307434207679762e-07,0.05258991941809654,1.5148120837693568e-06,0.0011847226414829493,0.0007764132460579276,0.042064353823661804,Clarinet
2e1cd085.wav,Clarinet,1.9665812942548655e-06,4.5192227737800295e-09,4.348537459009094e-06,0.9904760122299194,9.544842072273241e-08,5.634856643155217e-05,7.74567433836637e-06,2.476508052495774e-05,0.00014827074483036995,0.009280279278755188,Clarinet
dc981a38.wav,Clarinet,0.014513587579131126,5.082635198050411e-06,0.012478708289563656,0.7265799045562744,0.0002873454359360039,0.2120494544506073,0.01653008721768856,0.004699020646512508,0.000590473529882729,0.012266144156455994,Clarinet
a053797b.wav,Clarinet,0.9302029013633728,3.875374204653781e-06,0.00012642552610486746,0.04232826083898544,1.0030206794908736e-05,0.0004064620879944414,4.0581508073955774e-06,0.01080099307000637,0.0014610328944399953,0.014655866660177708,Acoustic_guitar
f2310f0d.wav,Clarinet,0.7684454917907715,0.012310825288295746,0.01834695227444172,0.13111522793769836,0.008877268061041832,0.0059123896062374115,0.006175333168357611,0.023534923791885376,0.009379925206303596,0.015901850536465645,Acoustic_guitar
ce65d6b5.wav,Clarinet,0.004624725319445133,0.00019898219034075737,0.009068187326192856,0.9547094702720642,0.00014958257088437676,0.010166854597628117,2.647571272973437e-05,0.005913368426263332,0.014233832247555256,0.0009085017372854054,Clarinet
45de3233.wav,Clarinet,0.040509093552827835,0.03139163553714752,0.02602468989789486,0.8192794919013977,0.01617814041674137,0.024857446551322937,0.024210505187511444,0.003876911476254463,0.00264315796084702,0.011029037646949291,Clarinet
8916ffcd.wav,Clarinet,1.7427866623620503e-05,1.92450556824042e-07,0.00036724162055179477,0.9980109930038452,8.140177669702098e-05,0.0002647830988280475,1.5575435554637806e-06,0.0009908732026815414,4.859767068410292e-05,0.00021702850062865764,Clarinet
e43f7db2.wav,Clarinet,0.0005490487674251199,3.896032580996689e-07,0.0015910781221464276,0.9798184037208557,2.4203714929171838e-05,0.013501906767487526,1.64871944434708e-05,0.0013740218710154295,5.7560420827940106e-05,0.003066994482651353,Clarinet
3c66098d.wav,Clarinet,0.0005556839169003069,2.9747693019999133e-07,0.0021746265701949596,0.901337742805481,7.641738193342462e-07,0.09519753605127335,1.1655051821435336e-06,0.00026322115445509553,7.407823432004079e-05,0.0003949709644075483,Clarinet
ad42e493.wav,Clarinet,0.9670219421386719,1.198378868139116e-06,0.00015901794540695846,0.010855314321815968,6.789258804928977e-06,0.014833126217126846,6.80844891576271e-07,0.0032148989848792553,0.003715332830324769,0.0001917481276905164,Acoustic_guitar
740e5bb7.wav,Clarinet,0.008774644695222378,0.015917038545012474,0.0788380354642868,0.769148051738739,0.01564197801053524,0.0469675250351429,0.019137371331453323,0.037968456745147705,0.003631074447184801,0.003975725267082453,Clarinet
800b401e.wav,Clarinet,0.195664644241333,0.000392491725506261,0.04290951043367386,0.5052805542945862,0.0504642054438591,0.032568760216236115,0.0001228057808475569,0.15156540274620056,0.002933646086603403,0.018097972497344017,Clarinet
3c713bcf.wav,Clarinet,0.011272863484919071,9.933221917890478e-06,0.02287941612303257,0.9398706555366516,0.0008234650013037026,0.008526474237442017,1.721171247481834e-05,0.0005401124362833798,0.00045772502198815346,0.015602150931954384,Clarinet
2fc00271.wav,Clarinet,0.021884333342313766,1.0698490768845659e-06,0.0003854254318866879,0.8905435800552368,0.0002581070002634078,0.0018825021106749773,1.1466993328212993e-06,0.0017387580592185259,0.022020816802978516,0.06128429248929024,Clarinet
b0c06255.wav,Clarinet,0.002961865859106183,1.6198442835957394e-06,0.0014387103728950024,0.9363395571708679,7.047352846711874e-05,0.0369369275867939,0.001731609576381743,0.005077004432678223,0.0013139500515535474,0.014128345064818859,Clarinet
71c6451f.wav,Clarinet,0.0038256768602877855,1.040853234712813e-07,0.00025156443007290363,0.18659459054470062,3.214701038700696e-08,0.7284426689147949,0.03870734944939613,0.00022055378940422088,0.0028687354642897844,0.0390886627137661,Flute
5de123c3.wav,Clarinet,0.00047363596968352795,3.334829443701892e-07,0.00023293375852517784,0.929799497127533,2.9759007702523377e-06,0.05450683459639549,7.17935326974839e-05,0.0044280122965574265,0.00016962928930297494,0.010314424522221088,Clarinet
